{"cameraMode":{"drawMode":0,"name":"Shaded","section":"Shading Mode"},"sceneLighting":false,"audioPlay":false,"sceneViewState":{"showFog":true,"showMaterialUpdate":true,"showSkybox":true,"showFlares":true,"showImageEffects":true,"showParticleSystems":true},"in2DMode":false,"pivot":{"x":-0.5609970092773438,"y":-0.46666812896728518,"z":-0.9026929140090942},"rotation":{"x":0.47238436341285708,"y":0.003966044168919325,"z":-0.0021256241016089918,"w":0.8813811540603638},"size":18.998842239379884,"orthographic":true}