{"cameraMode":{"drawMode":0,"name":"Shaded","section":"Shading Mode"},"sceneLighting":true,"audioPlay":false,"sceneViewState":{"showFog":true,"showMaterialUpdate":false,"showSkybox":true,"showFlares":true,"showImageEffects":true,"showParticleSystems":true},"in2DMode":false,"pivot":{"x":5.342133522033691,"y":11.936738967895508,"z":-3.9215290546417238},"rotation":{"x":-0.41769367456436159,"y":0.573633074760437,"z":-0.4280821979045868,"w":-0.5597023963928223},"size":53.46952819824219,"orthographic":false}