{"cameraMode":{"drawMode":0,"name":"Shaded","section":"Shading Mode"},"sceneLighting":true,"audioPlay":false,"sceneViewState":{"showFog":true,"showMaterialUpdate":false,"showSkybox":true,"showFlares":true,"showImageEffects":true,"showParticleSystems":true},"in2DMode":false,"pivot":{"x":22.99950408935547,"y":-2.167682647705078,"z":9.560534477233887},"rotation":{"x":-0.1651058942079544,"y":-0.6663227081298828,"z":0.15480658411979676,"w":-0.7105284333229065},"size":80.33565521240235,"orthographic":false}